<?xml version="1.0" encoding="UTF-8"?>
<!DOCTYPE mapper
        PUBLIC "-//mybatis.org//DTD Mapper 3.0//EN"
        "http://mybatis.org/dtd/mybatis-3-mapper.dtd">
<mapper namespace="com.thesis.mapper.DrugMapper">
    <update id="updateDrugStore" parameterType="com.thesis.Pojo.Drug">
        UPDATE drug
        SET store = #{drug.store}
        WHERE id = #{drug.id}
    </update>

    <select id="list" resultType="com.thesis.Pojo.Drug">
        select *
        from drug;
    </select>
    <select id="findByName" resultType="java.lang.Integer">
        select *
        from drug
        where name = #{name}
    </select>
    <select id="detail" resultType="com.thesis.Pojo.Drug">
        select *
        from drug
        where id = #{id}
    </select>
    <select id="getDrugWithLock" resultType="com.thesis.Pojo.Drug">
        SELECT *
        FROM drug
        WHERE id = #{drug.drugId}
            FOR UPDATE
    </select>
    <select id="getDrugById" resultType="com.thesis.Pojo.Drug">
        SELECT *
        FROM drug
        WHERE id = #{drugId}
    </select>
    <select id="findById" resultType="com.thesis.Pojo.Drug">
        select *
        from drug
        where id = #{id}
    </select>
</mapper>