<?xml version="1.0" encoding="UTF-8"?>
<!DOCTYPE mapper
        PUBLIC "-//mybatis.org//DTD Mapper 3.0//EN"
        "http://mybatis.org/dtd/mybatis-3-mapper.dtd">
<mapper namespace="com.thesis.mapper.InputLogMapper">


    <insert id="insertInputLog"  parameterType="com.thesis.Pojo.InputLog">
        INSERT INTO input_log (drug_id, buy_id, number)
        VALUES (#{inputLog.drugId}, #{inputLog.buyId}, #{inputLog.number})
    </insert>

    <update id="updateInputLog"  parameterType="com.thesis.Pojo.InputLog">
        UPDATE input_log
        SET worker_id = #{inputLog.workerId}, create_time = #{inputLog.createTime}
        WHERE buy_id = #{inputLog.buyId}
    </update>

    <select id="list" resultType="com.thesis.Pojo.InputLog">
        select *
        from input_log
    </select>

    <select id="detail" resultType="com.thesis.Pojo.InputLog">
        select *
        from input_log
        where id = #{id}
    </select>
</mapper>