<?xml version="1.0" encoding="UTF-8"?>
<!DOCTYPE mapper
        PUBLIC "-//mybatis.org//DTD Mapper 3.0//EN"
        "http://mybatis.org/dtd/mybatis-3-mapper.dtd">
<mapper namespace="com.thesis.mapper.OutputLogMapper">
    <insert id="insertOutputLog" parameterType="com.thesis.Pojo.OutputLog" >
        INSERT INTO output_log (drug_id, prescription_id, number)
        VALUES (#{outputLog.drugId}, #{outputLog.prescriptionId}, #{outputLog.number})
    </insert>

    <update id="updateOutputLog" parameterType="com.thesis.Pojo.OutputLog">
        UPDATE output_log
        SET worker_id = #{outputLog.workerId}, output_time = #{outputLog.outputTime}
        WHERE prescription_id = #{outputLog.prescriptionId}
    </update>

    <select id="list" resultType="com.thesis.Pojo.OutputLog">
        select *
        from output_log
    </select>

    <select id="detail" resultType="com.thesis.Pojo.OutputLog">
        select *
        from output_log
        where id = #{id}
    </select>
</mapper>