<?xml version="1.0" encoding="UTF-8"?>
<!DOCTYPE mapper
        PUBLIC "-//mybatis.org//DTD Mapper 3.0//EN"
        "http://mybatis.org/dtd/mybatis-3-mapper.dtd">
<mapper namespace="com.thesis.mapper.PrescriptionDetailMapper">


    <select id="getDetailsByPrescriptionId" resultType="com.thesis.Pojo.PrescriptionDetail">
<!--    <resultMap id="PrescriptionDetailResultMap" type="com.thesis.Pojo.PrescriptionDetail">-->
<!--        <id property="id" column="id"/>-->
<!--        <result property="drugId" column="drug_id"/>-->
<!--        <result property="prescriptionId" column="prescription_id"/>-->
<!--        <result property="prescriptionDetail" column="prescription_detail"/>-->
<!--        <result property="number" column="number"/>-->
<!--    </resultMap>-->
<!--    <select id="getDetailsByPrescriptionId" resultMap="PrescriptionDetailResultMap">-->
        select *
        from prescription_detail
        where prescription_id = #{prescriptionId}
    </select>
</mapper>
