<?xml version="1.0" encoding="UTF-8"?>
<!DOCTYPE mapper
        PUBLIC "-//mybatis.org//DTD Mapper 3.0//EN"
        "http://mybatis.org/dtd/mybatis-3-mapper.dtd">
<mapper namespace="com.thesis.mapper.UserMapper">

    <insert id="register">
        insert into user(name,sex,card,password,phone)
        values (#{name},#{gender},#{card},#{password},#{phone});
    </insert>
    <update id="updatepassword">
        update user set password = #{newpwd} where card=#{card}
    </update>
    <update id="update">
        update user set phone = #{phone} where card =#{card}
    </update>
    <delete id="delete">
        delete from user where card = #{card}
    </delete>

    <select id="findByCard" resultType="com.thesis.Pojo.User">
        select *
        from user
        where card = #{card};
    </select>
    <select id="getAllUsers" resultType="com.thesis.Pojo.User">
        select *
        from user;
    </select>
    <select id="findById" resultType="com.thesis.Pojo.User">
        select *
        from user
        where id = #{id}
    </select>

</mapper>