<?xml version="1.0" encoding="UTF-8"?>
<!DOCTYPE mapper
        PUBLIC "-//mybatis.org//DTD Mapper 3.0//EN"
        "http://mybatis.org/dtd/mybatis-3-mapper.dtd">
<mapper namespace="com.thesis.mapper.WorkerMapper">

    <insert id="add" useGeneratedKeys="true" keyProperty="id" parameterType="com.thesis.Pojo.Worker">
        INSERT INTO worker(name, sex, card, password, phone)
        VALUES(#{name}, #{sex}, #{card}, #{password}, #{phone})
    </insert>

    <update id="update">
        update worker
        set phone =#{phone}
        where staff_id = #{staffId}
    </update>

    <update id="updatepassword">
        update worker
        set password = #{newpwd}
        where staff_id = #{staffId}
    </update>

    <update id="updateStaffId">
        UPDATE worker
        SET staff_id = #{staffId}
        WHERE id = #{id}
    </update>

    <delete id="delete">
        delete from worker
        where staff_id = #{staffId}
    </delete>


    <select id="findByCard" resultType="com.thesis.Pojo.Worker">
        select *
        from worker
        where card = #{card}
    </select>

    <select id="findByStaffId" resultType="com.thesis.Pojo.Worker">
        select *
        from worker
        where staff_id = #{staffId}
    </select>

    <select id="getAllWorkers" resultType="com.thesis.Pojo.Worker">
        select *
        from worker;
    </select>
</mapper>